{"loss": [0.30933791399002075, 0.11203469336032867, 0.09191185235977173, 0.052767883986234665, 0.0508088618516922, 0.05987977236509323, 0.038004618138074875, 0.03842238336801529, 0.03879765793681145, 0.03751983866095543, 0.03114681877195835, 0.031316351145505905], "sparse_categorical_accuracy": [0.8410732746124268, 0.9687822461128235, 0.9700722098350525, 0.9811661243438721, 0.9863260984420776, 0.9785861968994141, 0.9886481165885925, 0.9886481165885925, 0.9863260984420776, 0.9889060854911804, 0.9891641139984131, 0.9899380803108215], "val_loss": [0.4227822422981262, 0.31350788474082947, 0.15231852233409882, 0.0999172031879425, 0.16269338130950928, 0.24691438674926758, 0.09637411683797836, 0.13264864683151245, 0.1425410807132721, 0.12979543209075928, 0.9303305149078369, 0.628900408744812], "val_sparse_categorical_accuracy": [0.861855685710907, 0.8649484515190125, 0.9494845271110535, 0.9701030850410461, 0.9628865718841553, 0.9103092551231384, 0.977319598197937, 0.9659793972969055, 0.969072163105011, 0.9762886762619019, 0.7010309100151062, 0.7835051417350769]}