{"loss": [0.6933469772338867, 0.6924305558204651, 0.692486584186554, 0.6921806931495667, 0.6917178630828857, 0.6912602782249451, 0.691938579082489, 0.6917508840560913, 0.6918595433235168, 0.6920597553253174, 0.691718339920044, 0.6917628645896912, 0.6915879249572754, 0.6921165585517883, 0.6916976571083069, 0.6918283104896545, 0.691688060760498, 0.6914548277854919, 0.6918168067932129, 0.6915265321731567], "sparse_categorical_accuracy": [0.5226215720176697, 0.5288231372833252, 0.5254404544830322, 0.528118371963501, 0.5240309834480286, 0.5316420197486877, 0.5275546312332153, 0.5296688079833984, 0.529105007648468, 0.5292459726333618, 0.5292459726333618, 0.5285412073135376, 0.528118371963501, 0.5295278429985046, 0.5292459726333618, 0.5289640426635742, 0.5292459726333618, 0.5293868780136108, 0.5292459726333618, 0.5292459726333618], "val_loss": [0.6932181715965271, 0.6922575235366821, 0.6913909316062927, 0.6913714408874512, 0.6916478872299194, 0.6939096450805664, 0.6923189759254456, 0.6913260817527771, 0.6913173198699951, 0.691290557384491, 0.6916200518608093, 0.6912272572517395, 0.6919299960136414, 0.6911633610725403, 0.6913475394248962, 0.6911379098892212, 0.6912468671798706, 0.6915319561958313, 0.6911493539810181, 0.6911025047302246], "val_sparse_categorical_accuracy": [0.5293123126029968, 0.5293123126029968, 0.5293123126029968, 0.5298759937286377, 0.5298759937286377, 0.46956032514572144, 0.5298759937286377, 0.5298759937286377, 0.5298759937286377, 0.5298759937286377, 0.5298759937286377, 0.5298759937286377, 0.5298759937286377, 0.5298759937286377, 0.5298759937286377, 0.5298759937286377, 0.5298759937286377, 0.5298759937286377, 0.5298759937286377, 0.5298759937286377]}